Gain WDW Lock L1,1.000
Offset WDW Lock L1,0.000
Gain WDW Unlock L1,1.000
Offset WDW Unlock L1,0.000
Gain Door Lock L1,1.000
Offset Door Lock L1,0.000
Gain Door Unlock L1,1.000
Offset Door Unlock L1,0.000
Gain FR Down L1,1.000
Offset FR Down L1,0.000
Gain FR Up L1,1.000
Offset FR Up L1,0.000
Gain RR Down L1,1.000
Offset RR Down L1,0.000
Gain RR Up L1,1.000
Offset RR Up L1,0.000
Gain FL Down L1,1.000
Offset FL Down L1,0.000
Gain FL Up L1,1.000
Offset FL Up L1,0.000
Gain RL Down L1,1.000
Offset RL Down L1,0.000
Gain RL Up L1,1.000
Offset RL Up L1,0.000
Gain WDW Lock L2,1.000
Offset WDW Lock L2,0.000
Gain WDW Unlock L2,1.000
Offset WDW Unlock L2,0.000
Gain Door Lock L2,1.000
Offset Door Lock L2,0.000
Gain Door Unlock L2,1.000
Offset Door Unlock L2,0.000
Gain FR Down L2,1.000
Offset FR Down L2,0.000
Gain FR Up L2,1.000
Offset FR Up L2,0.000
Gain RR Down L2,1.000
Offset RR Down L2,0.000
Gain RR Up L2,1.000
Offset RR Up L2,0.000
Gain FL Down L2,1.000
Offset FL Down L2,0.000
Gain FL Up L2,1.000
Offset FL Up L2,0.000
Gain RL Down L2,1.000
Offset RL Down L2,0.000
Gain RL Up L2,1.000
Offset RL Up L2,0.000
