WDW Lock Peak Force Chcek,1
WDW Lock Full Stroke Chcek,1
WDW Lock Lock Stroke Chcek,1
WDW Lock Return Force Chcek,1
Doorlock Peak Force Check,1
Doorlock Full Angle Check,1
Doorlock Return Force Check,1
DR/AS Manual Peak Force Check,1
DR/AS Manual Full Angle Check,1
DR/AS Auto Peak Force Check,1
DR/AS Auto Full Angle Check,1
DR/AS Return Force Check,1
SW Rear Peak Force Check,1
SW Rear Full Angle Check,1
SW Rear Return Force Check,1
Contact Check,1
Save Raw File,1
Save Graph Image,1
WDW Lock Peack Force,6.9
WDW Lock Peak Force Tolerance,3
WDW Lock Return Force,0.8
WDW Lock Lock Stroke,3
WDW Lock Lock Stroke Tolerance,0.5
WDW Lock Full Stroke,4.5
WDW Lock Full Stroke Tolerance,0.5
Door Lock Peak Force,5.39
Door Lock Peak Force Tolerance,1.5
Door Lock Return Force,1
Door Lock Full Angle,9
Door lock Full Angle Tolerance,2
DR/AS Manual Peak Force,3.4
DR/AS Manual Peak Force Tolerance,1
DR/AS Auto Peak Force,6.2
DR/AS Auto Peak Force Tolerance,1
DR/AS Return Force,0.8
DR/AS Manual Full Angle,6
DR/AS Manual Full Angle Tolerance,2
DR/AS Auto Full Angle,13
DR/AS Auto Full Angle Tolerance,2
SW Rear Peak Force,4.1
SW Rear Peak Force Tolerance,1.5
SW Rear Return Force,0.8
SW Rear Full Angle,6
SW Rear Full Angle Tolerance,2
Lower Volt limit,9
Over Force,25
