WDW Lock Peak Force Chcek,0.000
WDW Lock Full Stroke Chcek,0.000
WDW Lock Lock Stroke Chcek,0.000
WDW Lock Return Force Chcek,0.000
Doorlock Peak Force Check,0.000
Doorlock Full Angle Check,0.000
Doorlock Return Force Check,0.000
DR/AS Manual Peak Force Check,0.000
DR/AS Manual Full Angle Check,0.000
DR/AS Auto Peak Force Check,0.000
DR/AS Auto Full Angle Check,0.000
DR/AS Return Force Check,0.000
SW Rear Peak Force Check,0.000
SW Rear Full Angle Check,0.000
SW Rear Return Force Check,0.000
Contact Check,0.000
Save Raw File,1.000
Save Graph Image,1.000
WDW Lock Peack Force,6.900
WDW Lock Peak Force Tolerance,3.000
WDW Lock Return Force,0.800
WDW Lock Lock Stroke,3.000
WDW Lock Lock Stroke Tolerance,0.500
WDW Lock Full Stroke,4.500
WDW Lock Full Stroke Tolerance,0.500
Door Lock Peak Force,4.100
Door Lock Peak Force Tolerance,1.500
Door Lock Return Force,1.000
Door Lock Full Angle,9.000
Door lock Full Angle Tolerance,2.000
DR/AS Manual Peak Force,3.400
DR/AS Manual Peak Force Tolerance,1.000
DR/AS Auto Peak Force,6.200
DR/AS Auto Peak Force Tolerance,1.000
DR/AS Return Force,0.800
DR/AS Manual Full Angle,6.000
DR/AS Manual Full Angle Tolerance,2.000
DR/AS Auto Full Angle,13.000
DR/AS Auto Full Angle Tolerance,2.000
SW Rear Peak Force,4.100
SW Rear Peak Force Tolerance,1.500
SW Rear Return Force,0.800
SW Rear Full Angle,6.000
SW Rear Full Angle Tolerance,2.000
Lower Volt limit,9.000
Over Force,25.000
