Gain WDW Lock L1,1.100
Offset WDW Lock L1,0.000
Gain WDW Unlock L1,1.000
Offset WDW Unlock L1,0.000
Gain Door Lock L1,1.500
Offset Door Lock L1,0.000
Gain Door Unlock L1,1.600
Offset Door Unlock L1,0.000
Gain FR Down L1,1.900
Offset FR Down L1,0.000
Gain FR Up L1,1.110
Offset FR Up L1,0.000
Gain RR Down L1,1.140
Offset RR Down L1,0.000
Gain RR Up L1,1.150
Offset RR Up L1,0.000
Gain FL Down L1,1.180
Offset FL Down L1,0.000
Gain FL Up L1,1.190
Offset FL Up L1,0.000
Gain RL Down L1,1.220
Offset RL Down L1,0.000
Gain RL Up L1,1.230
Offset RL Up L1,0.000
Gain WDW Lock L2,1.300
Offset WDW Lock L2,0.000
Gain WDW Unlock L2,1.400
Offset WDW Unlock L2,0.000
Gain Door Lock L2,1.700
Offset Door Lock L2,0.000
Gain Door Unlock L2,1.800
Offset Door Unlock L2,0.000
Gain FR Down L2,1.120
Offset FR Down L2,0.000
Gain FR Up L2,1.130
Offset FR Up L2,0.000
Gain RR Down L2,1.160
Offset RR Down L2,0.000
Gain RR Up L2,1.170
Offset RR Up L2,0.000
Gain FL Down L2,1.200
Offset FL Down L2,0.000
Gain FL Up L2,1.210
Offset FL Up L2,0.000
Gain RL Down L2,1.240
Offset RL Down L2,0.000
Gain RL Up L2,1.250
Offset RL Up L2,0.000
